"Registry name","Name","Search distance"
"alexsmobs:am_beacon","PoiType[matchingStates=[Block{minecraft:beacon}], maxTickets=32, validRange=6]","6"
"alexsmobs:end_portal_frame","PoiType[matchingStates=[Block{minecraft:end_portal_frame}[eye=true,facing=south], Block{minecraft:end_portal_frame}[eye=true,facing=west], Block{minecraft:end_portal_frame}[eye=false,facing=north], Block{minecraft:end_portal_frame}[eye=false,facing=west], Block{minecraft:end_portal_frame}[eye=true,facing=north], Block{minecraft:end_portal_frame}[eye=false,facing=south], Block{minecraft:end_portal_frame}[eye=false,facing=east], Block{minecraft:end_portal_frame}[eye=true,facing=east]], maxTickets=32, validRange=6]","6"
"alexsmobs:hummingbird_feeder","PoiType[matchingStates=[Block{alexsmobs:hummingbird_feeder}[contents=0,hanging=false,waterlogged=false], Block{alexsmobs:hummingbird_feeder}[contents=1,hanging=false,waterlogged=true], Block{alexsmobs:hummingbird_feeder}[contents=3,hanging=false,waterlogged=false], Block{alexsmobs:hummingbird_feeder}[contents=3,hanging=true,waterlogged=true], Block{alexsmobs:hummingbird_feeder}[contents=0,hanging=false,waterlogged=true], Block{alexsmobs:hummingbird_feeder}[contents=2,hanging=false,waterlogged=false], Block{alexsmobs:hummingbird_feeder}[contents=2,hanging=true,waterlogged=false], Block{alexsmobs:hummingbird_feeder}[contents=1,hanging=true,waterlogged=true], Block{alexsmobs:hummingbird_feeder}[contents=3,hanging=true,waterlogged=false], Block{alexsmobs:hummingbird_feeder}[contents=1,hanging=false,waterlogged=false], Block{alexsmobs:hummingbird_feeder}[contents=1,hanging=true,waterlogged=false], Block{alexsmobs:hummingbird_feeder}[contents=3,hanging=false,waterlogged=true], Block{alexsmobs:hummingbird_feeder}[contents=2,hanging=true,waterlogged=true], Block{alexsmobs:hummingbird_feeder}[contents=0,hanging=true,waterlogged=false], Block{alexsmobs:hummingbird_feeder}[contents=0,hanging=true,waterlogged=true], Block{alexsmobs:hummingbird_feeder}[contents=2,hanging=false,waterlogged=true]], maxTickets=32, validRange=6]","6"
"alexsmobs:leafcutter_anthill","PoiType[matchingStates=[Block{alexsmobs:leafcutter_anthill}], maxTickets=32, validRange=6]","6"
"arphex:the_crawling_portal","PoiType[matchingStates=[Block{arphex:the_crawling_portal}[axis=z], Block{arphex:the_crawling_portal}[axis=x]], maxTickets=0, validRange=1]","1"
"beautify:botanist_workbench_poi","PoiType[matchingStates=[Block{beautify:botanist_workbench}[facing=north], Block{beautify:botanist_workbench}[facing=south], Block{beautify:botanist_workbench}[facing=east], Block{beautify:botanist_workbench}[facing=west]], maxTickets=1, validRange=1]","1"
"biomeswevegone:forager","PoiType[matchingStates=[Block{biomeswevegone:foragers_table}], maxTickets=1, validRange=1]","1"
"blueprint:beehive","PoiType[matchingStates=[Block{woodworks:spruce_beehive}[facing=west,honey_level=3], Block{woodworks:bamboo_beehive}[facing=east,honey_level=5], Block{woodworks:warped_beehive}[facing=west,honey_level=1], Block{upgrade_aquatic:river_beehive}[facing=south,honey_level=3], Block{woodworks:bamboo_beehive}[facing=north,honey_level=4], Block{woodworks:mangrove_beehive}[facing=east,honey_level=4], Block{woodworks:warped_beehive}[facing=south,honey_level=5], Block{woodworks:crimson_beehive}[facing=south,honey_level=5], Block{woodworks:jungle_beehive}[facing=north,honey_level=0], Block{upgrade_aquatic:river_beehive}[facing=north,honey_level=1], Block{woodworks:cherry_beehive}[facing=north,honey_level=1], Block{woodworks:mangrove_beehive}[facing=north,honey_level=0], Block{woodworks:birch_beehive}[facing=west,honey_level=5], Block{woodworks:dark_oak_beehive}[facing=south,honey_level=4], Block{woodworks:warped_beehive}[facing=east,honey_level=5], Block{woodworks:bamboo_beehive}[facing=north,honey_level=3], Block{woodworks:warped_beehive}[facing=east,honey_level=0], Block{woodworks:crimson_beehive}[facing=north,honey_level=3], Block{woodworks:spruce_beehive}[facing=east,honey_level=1], Block{upgrade_aquatic:driftwood_beehive}[facing=south,honey_level=1], Block{upgrade_aquatic:driftwood_beehive}[facing=south,honey_level=2], Block{woodworks:mangrove_beehive}[facing=west,honey_level=3], Block{upgrade_aquatic:river_beehive}[facing=west,honey_level=0], Block{woodworks:cherry_beehive}[facing=south,honey_level=4], Block{woodworks:dark_oak_beehive}[facing=north,honey_level=1], Block{woodworks:bamboo_beehive}[facing=north,honey_level=5], Block{woodworks:cherry_beehive}[facing=east,honey_level=4], Block{woodworks:crimson_beehive}[facing=west,honey_level=2], Block{woodworks:birch_beehive}[facing=south,honey_level=3], Block{upgrade_aquatic:driftwood_beehive}[facing=west,honey_level=2], Block{upgrade_aquatic:river_beehive}[facing=west,honey_level=2], Block{woodworks:jungle_beehive}[facing=west,honey_level=5], Block{woodworks:warped_beehive}[facing=west,honey_level=4], Block{woodworks:cherry_beehive}[facing=north,honey_level=3], Block{woodworks:cherry_beehive}[facing=east,honey_level=5], Block{woodworks:acacia_beehive}[facing=west,honey_level=0], Block{woodworks:birch_beehive}[facing=east,honey_level=2], Block{woodworks:cherry_beehive}[facing=west,honey_level=3], Block{woodworks:crimson_beehive}[facing=west,honey_level=1], Block{woodworks:birch_beehive}[facing=south,honey_level=0], Block{woodworks:dark_oak_beehive}[facing=east,honey_level=0], Block{woodworks:warped_beehive}[facing=west,honey_level=2], Block{woodworks:mangrove_beehive}[facing=east,honey_level=2], Block{woodworks:birch_beehive}[facing=north,honey_level=2], Block{woodworks:birch_beehive}[facing=south,honey_level=2], Block{upgrade_aquatic:river_beehive}[facing=east,honey_level=1], Block{woodworks:jungle_beehive}[facing=east,honey_level=4], Block{woodworks:cherry_beehive}[facing=west,honey_level=4], Block{woodworks:spruce_beehive}[facing=east,honey_level=2], Block{woodworks:crimson_beehive}[facing=south,honey_level=1], Block{woodworks:acacia_beehive}[facing=south,honey_level=3], Block{woodworks:acacia_beehive}[facing=south,honey_level=5], Block{woodworks:birch_beehive}[facing=east,honey_level=5], Block{woodworks:dark_oak_beehive}[facing=west,honey_level=2], Block{upgrade_aquatic:driftwood_beehive}[facing=east,honey_level=2], Block{woodworks:bamboo_beehive}[facing=east,honey_level=1], Block{upgrade_aquatic:driftwood_beehive}[facing=south,honey_level=3], Block{woodworks:warped_beehive}[facing=south,honey_level=0], Block{woodworks:crimson_beehive}[facing=west,honey_level=5], Block{upgrade_aquatic:driftwood_beehive}[facing=east,honey_level=5], Block{upgrade_aquatic:river_beehive}[facing=south,honey_level=5], Block{woodworks:bamboo_beehive}[facing=east,honey_level=0], Block{woodworks:acacia_beehive}[facing=north,honey_level=3], Block{woodworks:mangrove_beehive}[facing=west,honey_level=0], Block{woodworks:dark_oak_beehive}[facing=east,honey_level=4], Block{woodworks:birch_beehive}[facing=south,honey_level=5], Block{woodworks:spruce_beehive}[facing=south,honey_level=1], Block{woodworks:crimson_beehive}[facing=west,honey_level=0], Block{woodworks:crimson_beehive}[facing=east,honey_level=5], Block{woodworks:crimson_beehive}[facing=south,honey_level=4], Block{woodworks:jungle_beehive}[facing=south,honey_level=4], Block{woodworks:warped_beehive}[facing=east,honey_level=1], Block{woodworks:dark_oak_beehive}[facing=south,honey_level=2], Block{woodworks:jungle_beehive}[facing=north,honey_level=3], Block{woodworks:bamboo_beehive}[facing=south,honey_level=5], Block{woodworks:bamboo_beehive}[facing=east,honey_level=4], Block{woodworks:mangrove_beehive}[facing=north,honey_level=2], Block{upgrade_aquatic:river_beehive}[facing=east,honey_level=2], Block{woodworks:warped_beehive}[facing=north,honey_level=2], Block{woodworks:acacia_beehive}[facing=east,honey_level=5], Block{upgrade_aquatic:river_beehive}[facing=west,honey_level=4], Block{woodworks:jungle_beehive}[facing=south,honey_level=0], Block{woodworks:acacia_beehive}[facing=south,honey_level=1], Block{upgrade_aquatic:river_beehive}[facing=east,honey_level=4], Block{woodworks:jungle_beehive}[facing=north,honey_level=2], Block{woodworks:spruce_beehive}[facing=north,honey_level=0], Block{woodworks:spruce_beehive}[facing=east,honey_level=3], Block{upgrade_aquatic:river_beehive}[facing=east,honey_level=0], Block{woodworks:birch_beehive}[facing=east,honey_level=3], Block{woodworks:jungle_beehive}[facing=west,honey_level=4], Block{upgrade_aquatic:river_beehive}[facing=west,honey_level=3], Block{woodworks:dark_oak_beehive}[facing=west,honey_level=0], Block{woodworks:mangrove_beehive}[facing=east,honey_level=3], Block{woodworks:cherry_beehive}[facing=north,honey_level=2], Block{woodworks:warped_beehive}[facing=west,honey_level=5], Block{woodworks:crimson_beehive}[facing=north,honey_level=2], Block{woodworks:spruce_beehive}[facing=west,honey_level=1], Block{woodworks:cherry_beehive}[facing=east,honey_level=0], Block{woodworks:jungle_beehive}[facing=south,honey_level=3], Block{woodworks:crimson_beehive}[facing=east,honey_level=0], Block{upgrade_aquatic:driftwood_beehive}[facing=north,honey_level=4], Block{woodworks:cherry_beehive}[facing=south,honey_level=0], Block{woodworks:bamboo_beehive}[facing=north,honey_level=1], Block{woodworks:dark_oak_beehive}[facing=east,honey_level=1], Block{upgrade_aquatic:driftwood_beehive}[facing=east,honey_level=4], Block{woodworks:acacia_beehive}[facing=south,honey_level=4], Block{woodworks:dark_oak_beehive}[facing=north,honey_level=3], Block{woodworks:spruce_beehive}[facing=north,honey_level=1], Block{woodworks:cherry_beehive}[facing=east,honey_level=3], Block{woodworks:cherry_beehive}[facing=north,honey_level=4], Block{woodworks:cherry_beehive}[facing=west,honey_level=1], Block{woodworks:acacia_beehive}[facing=north,honey_level=1], Block{woodworks:warped_beehive}[facing=south,honey_level=2], Block{woodworks:bamboo_beehive}[facing=south,honey_level=2], Block{woodworks:spruce_beehive}[facing=west,honey_level=2], Block{woodworks:dark_oak_beehive}[facing=east,honey_level=5], Block{woodworks:jungle_beehive}[facing=east,honey_level=0], Block{woodworks:spruce_beehive}[facing=north,honey_level=3], Block{woodworks:dark_oak_beehive}[facing=south,honey_level=0], Block{woodworks:mangrove_beehive}[facing=north,honey_level=4], Block{woodworks:spruce_beehive}[facing=south,honey_level=4], Block{woodworks:crimson_beehive}[facing=east,honey_level=2], Block{upgrade_aquatic:driftwood_beehive}[facing=south,honey_level=0], Block{upgrade_aquatic:river_beehive}[facing=west,honey_level=1], Block{woodworks:crimson_beehive}[facing=west,honey_level=3], Block{woodworks:birch_beehive}[facing=north,honey_level=5], Block{woodworks:bamboo_beehive}[facing=west,honey_level=0], Block{woodworks:bamboo_beehive}[facing=east,honey_level=2], Block{woodworks:warped_beehive}[facing=east,honey_level=3], Block{woodworks:crimson_beehive}[facing=north,honey_level=5], Block{woodworks:jungle_beehive}[facing=west,honey_level=1], Block{woodworks:warped_beehive}[facing=north,honey_level=3], Block{woodworks:acacia_beehive}[facing=west,honey_level=5], Block{woodworks:acacia_beehive}[facing=east,honey_level=4], Block{woodworks:acacia_beehive}[facing=west,honey_level=4], Block{woodworks:crimson_beehive}[facing=south,honey_level=0], Block{woodworks:bamboo_beehive}[facing=west,honey_level=3], Block{upgrade_aquatic:river_beehive}[facing=north,honey_level=5], Block{woodworks:birch_beehive}[facing=east,honey_level=0], Block{woodworks:dark_oak_beehive}[facing=north,honey_level=2], Block{woodworks:jungle_beehive}[facing=west,honey_level=3], Block{upgrade_aquatic:driftwood_beehive}[facing=north,honey_level=0], Block{woodworks:crimson_beehive}[facing=north,honey_level=1], Block{woodworks:jungle_beehive}[facing=south,honey_level=1], Block{woodworks:crimson_beehive}[facing=east,honey_level=4], Block{woodworks:cherry_beehive}[facing=south,honey_level=2], Block{woodworks:dark_oak_beehive}[facing=west,honey_level=3], Block{woodworks:jungle_beehive}[facing=east,honey_level=3], Block{woodworks:cherry_beehive}[facing=south,honey_level=1], Block{woodworks:acacia_beehive}[facing=east,honey_level=3], Block{woodworks:spruce_beehive}[facing=south,honey_level=2], Block{woodworks:crimson_beehive}[facing=west,honey_level=4], Block{woodworks:bamboo_beehive}[facing=south,honey_level=1], Block{woodworks:mangrove_beehive}[facing=south,honey_level=3], Block{woodworks:warped_beehive}[facing=west,honey_level=0], Block{woodworks:spruce_beehive}[facing=east,honey_level=4], Block{woodworks:bamboo_beehive}[facing=south,honey_level=3], Block{woodworks:crimson_beehive}[facing=east,honey_level=1], Block{woodworks:birch_beehive}[facing=west,honey_level=2], Block{woodworks:dark_oak_beehive}[facing=west,honey_level=4], Block{woodworks:bamboo_beehive}[facing=south,honey_level=0], Block{woodworks:warped_beehive}[facing=east,honey_level=2], Block{woodworks:mangrove_beehive}[facing=south,honey_level=0], Block{woodworks:acacia_beehive}[facing=east,honey_level=1], Block{woodworks:mangrove_beehive}[facing=north,honey_level=1], Block{upgrade_aquatic:driftwood_beehive}[facing=west,honey_level=5], Block{woodworks:dark_oak_beehive}[facing=south,honey_level=5], Block{woodworks:dark_oak_beehive}[facing=north,honey_level=4], Block{woodworks:warped_beehive}[facing=south,honey_level=4], Block{woodworks:spruce_beehive}[facing=west,honey_level=0], Block{woodworks:birch_beehive}[facing=west,honey_level=4], Block{woodworks:warped_beehive}[facing=north,honey_level=0], Block{woodworks:dark_oak_beehive}[facing=west,honey_level=5], Block{woodworks:birch_beehive}[facing=north,honey_level=4], Block{woodworks:mangrove_beehive}[facing=west,honey_level=4], Block{woodworks:jungle_beehive}[facing=east,honey_level=1], Block{woodworks:acacia_beehive}[facing=south,honey_level=2], Block{woodworks:dark_oak_beehive}[facing=south,honey_level=1], Block{upgrade_aquatic:driftwood_beehive}[facing=east,honey_level=1], Block{woodworks:birch_beehive}[facing=west,honey_level=1], Block{woodworks:birch_beehive}[facing=south,honey_level=4], Block{upgrade_aquatic:driftwood_beehive}[facing=west,honey_level=1], Block{woodworks:warped_beehive}[facing=south,honey_level=1], Block{woodworks:spruce_beehive}[facing=north,honey_level=5], Block{woodworks:warped_beehive}[facing=west,honey_level=3], Block{woodworks:cherry_beehive}[facing=east,honey_level=2], Block{woodworks:acacia_beehive}[facing=south,honey_level=0], Block{woodworks:birch_beehive}[facing=north,honey_level=0], Block{woodworks:mangrove_beehive}[facing=south,honey_level=5], Block{upgrade_aquatic:river_beehive}[facing=south,honey_level=4], Block{upgrade_aquatic:river_beehive}[facing=north,honey_level=2], Block{woodworks:spruce_beehive}[facing=north,honey_level=2], Block{woodworks:spruce_beehive}[facing=east,honey_level=0], Block{woodworks:mangrove_beehive}[facing=north,honey_level=3], Block{upgrade_aquatic:river_beehive}[facing=south,honey_level=1], Block{woodworks:crimson_beehive}[facing=north,honey_level=4], Block{upgrade_aquatic:river_beehive}[facing=north,honey_level=0], Block{upgrade_aquatic:driftwood_beehive}[facing=south,honey_level=4], Block{woodworks:dark_oak_beehive}[facing=east,honey_level=2], Block{woodworks:acacia_beehive}[facing=west,honey_level=1], Block{woodworks:crimson_beehive}[facing=north,honey_level=0], Block{woodworks:jungle_beehive}[facing=south,honey_level=2], Block{woodworks:acacia_beehive}[facing=north,honey_level=5], Block{woodworks:bamboo_beehive}[facing=west,honey_level=2], Block{woodworks:birch_beehive}[facing=west,honey_level=0], Block{woodworks:dark_oak_beehive}[facing=west,honey_level=1], Block{woodworks:birch_beehive}[facing=north,honey_level=1], Block{woodworks:cherry_beehive}[facing=north,honey_level=5], Block{woodworks:jungle_beehive}[facing=west,honey_level=0], Block{upgrade_aquatic:river_beehive}[facing=east,honey_level=5], Block{woodworks:crimson_beehive}[facing=south,honey_level=3], Block{woodworks:mangrove_beehive}[facing=south,honey_level=4], Block{woodworks:jungle_beehive}[facing=east,honey_level=5], Block{upgrade_aquatic:driftwood_beehive}[facing=east,honey_level=0], Block{woodworks:jungle_beehive}[facing=south,honey_level=5], Block{woodworks:dark_oak_beehive}[facing=north,honey_level=0], Block{woodworks:mangrove_beehive}[facing=south,honey_level=1], Block{woodworks:jungle_beehive}[facing=north,honey_level=5], Block{upgrade_aquatic:driftwood_beehive}[facing=west,honey_level=3], Block{woodworks:birch_beehive}[facing=west,honey_level=3], Block{upgrade_aquatic:river_beehive}[facing=north,honey_level=4], Block{woodworks:dark_oak_beehive}[facing=east,honey_level=3], Block{woodworks:mangrove_beehive}[facing=west,honey_level=2], Block{woodworks:jungle_beehive}[facing=north,honey_level=4], Block{woodworks:mangrove_beehive}[facing=east,honey_level=0], Block{woodworks:acacia_beehive}[facing=east,honey_level=0], Block{woodworks:bamboo_beehive}[facing=north,honey_level=0], Block{woodworks:cherry_beehive}[facing=east,honey_level=1], Block{woodworks:birch_beehive}[facing=east,honey_level=1], Block{woodworks:mangrove_beehive}[facing=west,honey_level=5], Block{upgrade_aquatic:driftwood_beehive}[facing=west,honey_level=0], Block{woodworks:warped_beehive}[facing=north,honey_level=4], Block{woodworks:spruce_beehive}[facing=south,honey_level=0], Block{woodworks:mangrove_beehive}[facing=south,honey_level=2], Block{woodworks:bamboo_beehive}[facing=east,honey_level=3], Block{woodworks:warped_beehive}[facing=east,honey_level=4], Block{woodworks:crimson_beehive}[facing=east,honey_level=3], Block{woodworks:warped_beehive}[facing=north,honey_level=1], Block{woodworks:spruce_beehive}[facing=west,honey_level=4], Block{woodworks:mangrove_beehive}[facing=north,honey_level=5], Block{woodworks:mangrove_beehive}[facing=east,honey_level=1], Block{woodworks:bamboo_beehive}[facing=west,honey_level=5], Block{woodworks:birch_beehive}[facing=north,honey_level=3], Block{woodworks:spruce_beehive}[facing=south,honey_level=5], Block{woodworks:dark_oak_beehive}[facing=north,honey_level=5], Block{woodworks:cherry_beehive}[facing=north,honey_level=0], Block{woodworks:bamboo_beehive}[facing=west,honey_level=1], Block{woodworks:jungle_beehive}[facing=west,honey_level=2], Block{upgrade_aquatic:driftwood_beehive}[facing=south,honey_level=5], Block{upgrade_aquatic:driftwood_beehive}[facing=north,honey_level=5], Block{woodworks:acacia_beehive}[facing=north,honey_level=2], Block{woodworks:mangrove_beehive}[facing=west,honey_level=1], Block{upgrade_aquatic:driftwood_beehive}[facing=north,honey_level=1], Block{woodworks:dark_oak_beehive}[facing=south,honey_level=3], Block{woodworks:acacia_beehive}[facing=west,honey_level=2], Block{woodworks:mangrove_beehive}[facing=east,honey_level=5], Block{upgrade_aquatic:driftwood_beehive}[facing=north,honey_level=2], Block{woodworks:acacia_beehive}[facing=west,honey_level=3], Block{woodworks:warped_beehive}[facing=north,honey_level=5], Block{woodworks:jungle_beehive}[facing=north,honey_level=1], Block{woodworks:bamboo_beehive}[facing=west,honey_level=4], Block{woodworks:acacia_beehive}[facing=north,honey_level=4], Block{woodworks:cherry_beehive}[facing=west,honey_level=0], Block{upgrade_aquatic:driftwood_beehive}[facing=east,honey_level=3], Block{woodworks:warped_beehive}[facing=south,honey_level=3], Block{woodworks:birch_beehive}[facing=south,honey_level=1], Block{woodworks:cherry_beehive}[facing=west,honey_level=5], Block{woodworks:cherry_beehive}[facing=south,honey_level=3], Block{upgrade_aquatic:river_beehive}[facing=west,honey_level=5], Block{woodworks:jungle_beehive}[facing=east,honey_level=2], Block{woodworks:cherry_beehive}[facing=west,honey_level=2], Block{upgrade_aquatic:river_beehive}[facing=east,honey_level=3], Block{woodworks:bamboo_beehive}[facing=north,honey_level=2], Block{woodworks:spruce_beehive}[facing=north,honey_level=4], Block{woodworks:spruce_beehive}[facing=west,honey_level=5], Block{woodworks:cherry_beehive}[facing=south,honey_level=5], Block{woodworks:birch_beehive}[facing=east,honey_level=4], Block{upgrade_aquatic:driftwood_beehive}[facing=west,honey_level=4], Block{woodworks:acacia_beehive}[facing=north,honey_level=0], Block{woodworks:acacia_beehive}[facing=east,honey_level=2], Block{upgrade_aquatic:driftwood_beehive}[facing=north,honey_level=3], Block{woodworks:crimson_beehive}[facing=south,honey_level=2], Block{woodworks:spruce_beehive}[facing=south,honey_level=3], Block{upgrade_aquatic:river_beehive}[facing=south,honey_level=2], Block{upgrade_aquatic:river_beehive}[facing=south,honey_level=0], Block{woodworks:spruce_beehive}[facing=east,honey_level=5], Block{woodworks:bamboo_beehive}[facing=south,honey_level=4], Block{upgrade_aquatic:river_beehive}[facing=north,honey_level=3]], maxTickets=0, validRange=1]","1"
"chefsdelight:chef_poi","PoiType[matchingStates=[Block{farmersdelight:cooking_pot}[facing=south,support=handle,waterlogged=true], Block{farmersdelight:cooking_pot}[facing=west,support=none,waterlogged=false], Block{farmersdelight:cooking_pot}[facing=east,support=handle,waterlogged=false], Block{farmersdelight:cooking_pot}[facing=west,support=handle,waterlogged=false], Block{farmersdelight:cooking_pot}[facing=west,support=handle,waterlogged=true], Block{farmersdelight:cooking_pot}[facing=north,support=handle,waterlogged=true], Block{farmersdelight:cooking_pot}[facing=east,support=tray,waterlogged=true], Block{farmersdelight:cooking_pot}[facing=west,support=none,waterlogged=true], Block{farmersdelight:cooking_pot}[facing=east,support=tray,waterlogged=false], Block{farmersdelight:cooking_pot}[facing=south,support=tray,waterlogged=true], Block{farmersdelight:cooking_pot}[facing=north,support=none,waterlogged=true], Block{farmersdelight:cooking_pot}[facing=east,support=none,waterlogged=false], Block{farmersdelight:cooking_pot}[facing=north,support=tray,waterlogged=true], Block{farmersdelight:cooking_pot}[facing=north,support=none,waterlogged=false], Block{farmersdelight:cooking_pot}[facing=north,support=tray,waterlogged=false], Block{farmersdelight:cooking_pot}[facing=south,support=tray,waterlogged=false], Block{farmersdelight:cooking_pot}[facing=west,support=tray,waterlogged=false], Block{farmersdelight:cooking_pot}[facing=south,support=none,waterlogged=false], Block{farmersdelight:cooking_pot}[facing=east,support=none,waterlogged=true], Block{farmersdelight:cooking_pot}[facing=south,support=none,waterlogged=true], Block{farmersdelight:cooking_pot}[facing=north,support=handle,waterlogged=false], Block{farmersdelight:cooking_pot}[facing=south,support=handle,waterlogged=false], Block{farmersdelight:cooking_pot}[facing=west,support=tray,waterlogged=true], Block{farmersdelight:cooking_pot}[facing=east,support=handle,waterlogged=true]], maxTickets=1, validRange=1]","1"
"chefsdelight:cook_poi","PoiType[matchingStates=[Block{farmersdelight:skillet}[facing=west,support=true], Block{farmersdelight:skillet}[facing=south,support=true], Block{farmersdelight:skillet}[facing=north,support=true], Block{farmersdelight:skillet}[facing=south,support=false], Block{farmersdelight:skillet}[facing=east,support=false], Block{farmersdelight:skillet}[facing=east,support=true], Block{farmersdelight:skillet}[facing=west,support=false], Block{farmersdelight:skillet}[facing=north,support=false]], maxTickets=1, validRange=1]","1"
"fruitfulfun:apple","PoiType[matchingStates=[Block{fruitfulfun:apple_leaves}[age=1,distance=1,persistent=true,waterlogged=false], Block{fruitfulfun:apple_leaves}[age=3,distance=1,persistent=true,waterlogged=true], Block{fruitfulfun:apple_leaves}[age=2,distance=1,persistent=true,waterlogged=true], Block{fruitfulfun:apple_leaves}[age=2,distance=1,persistent=true,waterlogged=false], Block{fruitfulfun:apple_leaves}[age=0,distance=1,persistent=true,waterlogged=true], Block{fruitfulfun:apple_leaves}[age=0,distance=1,persistent=true,waterlogged=false], Block{fruitfulfun:apple_leaves}[age=3,distance=1,persistent=true,waterlogged=false], Block{fruitfulfun:apple_leaves}[age=1,distance=1,persistent=true,waterlogged=true]], maxTickets=40, validRange=10]","10"
"fruitfulfun:cherry","PoiType[matchingStates=[Block{fruitfulfun:cherry_leaves}[age=0,distance=1,persistent=true,waterlogged=false], Block{fruitfulfun:cherry_leaves}[age=1,distance=1,persistent=true,waterlogged=true], Block{fruitfulfun:cherry_leaves}[age=2,distance=1,persistent=true,waterlogged=true], Block{fruitfulfun:cherry_leaves}[age=3,distance=1,persistent=true,waterlogged=false], Block{fruitfulfun:cherry_leaves}[age=0,distance=1,persistent=true,waterlogged=true], Block{fruitfulfun:cherry_leaves}[age=1,distance=1,persistent=true,waterlogged=false], Block{fruitfulfun:cherry_leaves}[age=2,distance=1,persistent=true,waterlogged=false], Block{fruitfulfun:cherry_leaves}[age=3,distance=1,persistent=true,waterlogged=true]], maxTickets=40, validRange=10]","10"
"fruitfulfun:citron","PoiType[matchingStates=[Block{fruitfulfun:citron_leaves}[age=0,distance=1,persistent=true,waterlogged=true], Block{fruitfulfun:citron_leaves}[age=2,distance=1,persistent=true,waterlogged=false], Block{fruitfulfun:citron_leaves}[age=1,distance=1,persistent=true,waterlogged=true], Block{fruitfulfun:citron_leaves}[age=3,distance=1,persistent=true,waterlogged=true], Block{fruitfulfun:citron_leaves}[age=3,distance=1,persistent=true,waterlogged=false], Block{fruitfulfun:citron_leaves}[age=1,distance=1,persistent=true,waterlogged=false], Block{fruitfulfun:citron_leaves}[age=2,distance=1,persistent=true,waterlogged=true], Block{fruitfulfun:citron_leaves}[age=0,distance=1,persistent=true,waterlogged=false]], maxTickets=40, validRange=10]","10"
"fruitfulfun:grapefruit","PoiType[matchingStates=[Block{fruitfulfun:grapefruit_leaves}[age=1,distance=1,persistent=true,waterlogged=true], Block{fruitfulfun:grapefruit_leaves}[age=3,distance=1,persistent=true,waterlogged=false], Block{fruitfulfun:grapefruit_leaves}[age=0,distance=1,persistent=true,waterlogged=true], Block{fruitfulfun:grapefruit_leaves}[age=3,distance=1,persistent=true,waterlogged=true], Block{fruitfulfun:grapefruit_leaves}[age=1,distance=1,persistent=true,waterlogged=false], Block{fruitfulfun:grapefruit_leaves}[age=2,distance=1,persistent=true,waterlogged=false], Block{fruitfulfun:grapefruit_leaves}[age=2,distance=1,persistent=true,waterlogged=true], Block{fruitfulfun:grapefruit_leaves}[age=0,distance=1,persistent=true,waterlogged=false]], maxTickets=40, validRange=10]","10"
"fruitfulfun:lemon","PoiType[matchingStates=[Block{fruitfulfun:lemon_leaves}[age=2,distance=1,persistent=true,waterlogged=false], Block{fruitfulfun:lemon_leaves}[age=1,distance=1,persistent=true,waterlogged=true], Block{fruitfulfun:lemon_leaves}[age=0,distance=1,persistent=true,waterlogged=true], Block{fruitfulfun:lemon_leaves}[age=0,distance=1,persistent=true,waterlogged=false], Block{fruitfulfun:lemon_leaves}[age=1,distance=1,persistent=true,waterlogged=false], Block{fruitfulfun:lemon_leaves}[age=3,distance=1,persistent=true,waterlogged=true], Block{fruitfulfun:lemon_leaves}[age=3,distance=1,persistent=true,waterlogged=false], Block{fruitfulfun:lemon_leaves}[age=2,distance=1,persistent=true,waterlogged=true]], maxTickets=40, validRange=10]","10"
"fruitfulfun:lime","PoiType[matchingStates=[Block{fruitfulfun:lime_leaves}[age=1,distance=1,persistent=true,waterlogged=true], Block{fruitfulfun:lime_leaves}[age=3,distance=1,persistent=true,waterlogged=false], Block{fruitfulfun:lime_leaves}[age=0,distance=1,persistent=true,waterlogged=true], Block{fruitfulfun:lime_leaves}[age=2,distance=1,persistent=true,waterlogged=false], Block{fruitfulfun:lime_leaves}[age=3,distance=1,persistent=true,waterlogged=true], Block{fruitfulfun:lime_leaves}[age=1,distance=1,persistent=true,waterlogged=false], Block{fruitfulfun:lime_leaves}[age=0,distance=1,persistent=true,waterlogged=false], Block{fruitfulfun:lime_leaves}[age=2,distance=1,persistent=true,waterlogged=true]], maxTickets=40, validRange=10]","10"
"fruitfulfun:orange","PoiType[matchingStates=[Block{fruitfulfun:orange_leaves}[age=3,distance=1,persistent=true,waterlogged=false], Block{fruitfulfun:orange_leaves}[age=0,distance=1,persistent=true,waterlogged=false], Block{fruitfulfun:orange_leaves}[age=2,distance=1,persistent=true,waterlogged=false], Block{fruitfulfun:orange_leaves}[age=1,distance=1,persistent=true,waterlogged=false], Block{fruitfulfun:orange_leaves}[age=0,distance=1,persistent=true,waterlogged=true], Block{fruitfulfun:orange_leaves}[age=1,distance=1,persistent=true,waterlogged=true], Block{fruitfulfun:orange_leaves}[age=3,distance=1,persistent=true,waterlogged=true], Block{fruitfulfun:orange_leaves}[age=2,distance=1,persistent=true,waterlogged=true]], maxTickets=40, validRange=10]","10"
"fruitfulfun:pomegranate","PoiType[matchingStates=[Block{fruitfulfun:pomegranate_leaves}[age=2,distance=1,persistent=true,waterlogged=false], Block{fruitfulfun:pomegranate_leaves}[age=1,distance=1,persistent=true,waterlogged=false], Block{fruitfulfun:pomegranate_leaves}[age=0,distance=1,persistent=true,waterlogged=true], Block{fruitfulfun:pomegranate_leaves}[age=0,distance=1,persistent=true,waterlogged=false], Block{fruitfulfun:pomegranate_leaves}[age=1,distance=1,persistent=true,waterlogged=true], Block{fruitfulfun:pomegranate_leaves}[age=3,distance=1,persistent=true,waterlogged=false], Block{fruitfulfun:pomegranate_leaves}[age=3,distance=1,persistent=true,waterlogged=true], Block{fruitfulfun:pomegranate_leaves}[age=2,distance=1,persistent=true,waterlogged=true]], maxTickets=40, validRange=10]","10"
"fruitfulfun:pomelo","PoiType[matchingStates=[Block{fruitfulfun:pomelo_leaves}[age=1,distance=1,persistent=true,waterlogged=false], Block{fruitfulfun:pomelo_leaves}[age=0,distance=1,persistent=true,waterlogged=false], Block{fruitfulfun:pomelo_leaves}[age=1,distance=1,persistent=true,waterlogged=true], Block{fruitfulfun:pomelo_leaves}[age=2,distance=1,persistent=true,waterlogged=true], Block{fruitfulfun:pomelo_leaves}[age=3,distance=1,persistent=true,waterlogged=false], Block{fruitfulfun:pomelo_leaves}[age=2,distance=1,persistent=true,waterlogged=false], Block{fruitfulfun:pomelo_leaves}[age=3,distance=1,persistent=true,waterlogged=true], Block{fruitfulfun:pomelo_leaves}[age=0,distance=1,persistent=true,waterlogged=true]], maxTickets=40, validRange=10]","10"
"fruitfulfun:redlove","PoiType[matchingStates=[Block{fruitfulfun:redlove_leaves}[age=1,distance=1,persistent=true,waterlogged=true], Block{fruitfulfun:redlove_leaves}[age=3,distance=1,persistent=true,waterlogged=true], Block{fruitfulfun:redlove_leaves}[age=1,distance=1,persistent=true,waterlogged=false], Block{fruitfulfun:redlove_leaves}[age=3,distance=1,persistent=true,waterlogged=false], Block{fruitfulfun:redlove_leaves}[age=0,distance=1,persistent=true,waterlogged=true], Block{fruitfulfun:redlove_leaves}[age=2,distance=1,persistent=true,waterlogged=false], Block{fruitfulfun:redlove_leaves}[age=2,distance=1,persistent=true,waterlogged=true], Block{fruitfulfun:redlove_leaves}[age=0,distance=1,persistent=true,waterlogged=false]], maxTickets=40, validRange=10]","10"
"fruitfulfun:tangerine","PoiType[matchingStates=[Block{fruitfulfun:tangerine_leaves}[age=2,distance=1,persistent=true,waterlogged=true], Block{fruitfulfun:tangerine_leaves}[age=0,distance=1,persistent=true,waterlogged=true], Block{fruitfulfun:tangerine_leaves}[age=1,distance=1,persistent=true,waterlogged=false], Block{fruitfulfun:tangerine_leaves}[age=3,distance=1,persistent=true,waterlogged=true], Block{fruitfulfun:tangerine_leaves}[age=1,distance=1,persistent=true,waterlogged=true], Block{fruitfulfun:tangerine_leaves}[age=2,distance=1,persistent=true,waterlogged=false], Block{fruitfulfun:tangerine_leaves}[age=3,distance=1,persistent=true,waterlogged=false], Block{fruitfulfun:tangerine_leaves}[age=0,distance=1,persistent=true,waterlogged=false]], maxTickets=40, validRange=10]","10"
"habitat:beehive","PoiType[matchingStates=[Block{habitat:fairy_ring_mushroom_beehive}[facing=west,honey_level=2], Block{habitat:fairy_ring_mushroom_beehive}[facing=south,honey_level=2], Block{habitat:fairy_ring_mushroom_beehive}[facing=west,honey_level=3], Block{habitat:fairy_ring_mushroom_beehive}[facing=east,honey_level=4], Block{habitat:fairy_ring_mushroom_beehive}[facing=east,honey_level=1], Block{habitat:fairy_ring_mushroom_beehive}[facing=south,honey_level=4], Block{habitat:fairy_ring_mushroom_beehive}[facing=east,honey_level=3], Block{habitat:fairy_ring_mushroom_beehive}[facing=east,honey_level=0], Block{habitat:fairy_ring_mushroom_beehive}[facing=south,honey_level=3], Block{habitat:fairy_ring_mushroom_beehive}[facing=north,honey_level=4], Block{habitat:fairy_ring_mushroom_beehive}[facing=north,honey_level=3], Block{habitat:fairy_ring_mushroom_beehive}[facing=west,honey_level=1], Block{habitat:fairy_ring_mushroom_beehive}[facing=east,honey_level=5], Block{habitat:fairy_ring_mushroom_beehive}[facing=west,honey_level=4], Block{habitat:fairy_ring_mushroom_beehive}[facing=south,honey_level=0], Block{habitat:fairy_ring_mushroom_beehive}[facing=south,honey_level=5], Block{habitat:fairy_ring_mushroom_beehive}[facing=east,honey_level=2], Block{habitat:fairy_ring_mushroom_beehive}[facing=north,honey_level=0], Block{habitat:fairy_ring_mushroom_beehive}[facing=west,honey_level=0], Block{habitat:fairy_ring_mushroom_beehive}[facing=west,honey_level=5], Block{habitat:fairy_ring_mushroom_beehive}[facing=north,honey_level=1], Block{habitat:fairy_ring_mushroom_beehive}[facing=south,honey_level=1], Block{habitat:fairy_ring_mushroom_beehive}[facing=north,honey_level=5], Block{habitat:fairy_ring_mushroom_beehive}[facing=north,honey_level=2]], maxTickets=0, validRange=1]","1"
"minecraft:armorer","PoiType[matchingStates=[Block{minecraft:blast_furnace}[facing=south,lit=false], Block{minecraft:blast_furnace}[facing=south,lit=true], Block{minecraft:blast_furnace}[facing=east,lit=false], Block{minecraft:blast_furnace}[facing=north,lit=false], Block{minecraft:blast_furnace}[facing=north,lit=true], Block{minecraft:blast_furnace}[facing=west,lit=false], Block{minecraft:blast_furnace}[facing=west,lit=true], Block{minecraft:blast_furnace}[facing=east,lit=true]], maxTickets=1, validRange=1]","1"
"minecraft:bee_nest","PoiType[matchingStates=[Block{minecraft:bee_nest}[facing=south,honey_level=4], Block{minecraft:bee_nest}[facing=west,honey_level=3], Block{minecraft:bee_nest}[facing=west,honey_level=1], Block{minecraft:bee_nest}[facing=north,honey_level=3], Block{minecraft:bee_nest}[facing=east,honey_level=1], Block{minecraft:bee_nest}[facing=south,honey_level=1], Block{minecraft:bee_nest}[facing=east,honey_level=5], Block{minecraft:bee_nest}[facing=east,honey_level=4], Block{minecraft:bee_nest}[facing=east,honey_level=2], Block{minecraft:bee_nest}[facing=west,honey_level=2], Block{minecraft:bee_nest}[facing=south,honey_level=3], Block{minecraft:bee_nest}[facing=north,honey_level=1], Block{minecraft:bee_nest}[facing=west,honey_level=4], Block{minecraft:bee_nest}[facing=east,honey_level=3], Block{minecraft:bee_nest}[facing=south,honey_level=0], Block{minecraft:bee_nest}[facing=west,honey_level=5], Block{minecraft:bee_nest}[facing=south,honey_level=5], Block{minecraft:bee_nest}[facing=north,honey_level=2], Block{minecraft:bee_nest}[facing=west,honey_level=0], Block{minecraft:bee_nest}[facing=north,honey_level=5], Block{minecraft:bee_nest}[facing=north,honey_level=0], Block{minecraft:bee_nest}[facing=north,honey_level=4], Block{minecraft:bee_nest}[facing=east,honey_level=0], Block{minecraft:bee_nest}[facing=south,honey_level=2]], maxTickets=0, validRange=1]","1"
"minecraft:beehive","PoiType[matchingStates=[Block{minecraft:beehive}[facing=east,honey_level=3], Block{minecraft:beehive}[facing=south,honey_level=4], Block{minecraft:beehive}[facing=east,honey_level=1], Block{minecraft:beehive}[facing=west,honey_level=1], Block{minecraft:beehive}[facing=west,honey_level=3], Block{minecraft:beehive}[facing=north,honey_level=3], Block{minecraft:beehive}[facing=north,honey_level=1], Block{minecraft:beehive}[facing=south,honey_level=3], Block{minecraft:beehive}[facing=north,honey_level=2], Block{minecraft:beehive}[facing=north,honey_level=5], Block{minecraft:beehive}[facing=north,honey_level=0], Block{minecraft:beehive}[facing=south,honey_level=2], Block{minecraft:beehive}[facing=west,honey_level=5], Block{minecraft:beehive}[facing=south,honey_level=0], Block{minecraft:beehive}[facing=east,honey_level=5], Block{minecraft:beehive}[facing=east,honey_level=2], Block{minecraft:beehive}[facing=west,honey_level=4], Block{minecraft:beehive}[facing=east,honey_level=0], Block{minecraft:beehive}[facing=west,honey_level=0], Block{minecraft:beehive}[facing=south,honey_level=5], Block{minecraft:beehive}[facing=east,honey_level=4], Block{minecraft:beehive}[facing=south,honey_level=1], Block{minecraft:beehive}[facing=north,honey_level=4], Block{minecraft:beehive}[facing=west,honey_level=2]], maxTickets=0, validRange=1]","1"
"minecraft:butcher","PoiType[matchingStates=[Block{minecraft:smoker}[facing=west,lit=true], Block{minecraft:smoker}[facing=east,lit=true], Block{minecraft:smoker}[facing=south,lit=false], Block{minecraft:smoker}[facing=north,lit=true], Block{minecraft:smoker}[facing=east,lit=false], Block{minecraft:smoker}[facing=west,lit=false], Block{minecraft:smoker}[facing=south,lit=true], Block{minecraft:smoker}[facing=north,lit=false]], maxTickets=1, validRange=1]","1"
"minecraft:cartographer","PoiType[matchingStates=[Block{minecraft:cartography_table}], maxTickets=1, validRange=1]","1"
"minecraft:cleric","PoiType[matchingStates=[Block{minecraft:brewing_stand}[has_bottle_0=true,has_bottle_1=true,has_bottle_2=false], Block{minecraft:brewing_stand}[has_bottle_0=false,has_bottle_1=true,has_bottle_2=true], Block{minecraft:brewing_stand}[has_bottle_0=true,has_bottle_1=true,has_bottle_2=true], Block{minecraft:brewing_stand}[has_bottle_0=false,has_bottle_1=false,has_bottle_2=false], Block{minecraft:brewing_stand}[has_bottle_0=false,has_bottle_1=true,has_bottle_2=false], Block{minecraft:brewing_stand}[has_bottle_0=true,has_bottle_1=false,has_bottle_2=false], Block{minecraft:brewing_stand}[has_bottle_0=true,has_bottle_1=false,has_bottle_2=true], Block{minecraft:brewing_stand}[has_bottle_0=false,has_bottle_1=false,has_bottle_2=true]], maxTickets=1, validRange=1]","1"
"minecraft:farmer","PoiType[matchingStates=[Block{minecraft:composter}[level=7], Block{minecraft:composter}[level=0], Block{minecraft:composter}[level=1], Block{minecraft:composter}[level=6], Block{minecraft:composter}[level=4], Block{minecraft:composter}[level=3], Block{minecraft:composter}[level=2], Block{minecraft:composter}[level=8], Block{minecraft:composter}[level=5]], maxTickets=1, validRange=1]","1"
"minecraft:fisherman","PoiType[matchingStates=[Block{minecraft:barrel}[facing=north,open=false], Block{minecraft:barrel}[facing=south,open=false], Block{minecraft:barrel}[facing=west,open=true], Block{minecraft:barrel}[facing=up,open=true], Block{minecraft:barrel}[facing=north,open=true], Block{minecraft:barrel}[facing=west,open=false], Block{minecraft:barrel}[facing=south,open=true], Block{minecraft:barrel}[facing=down,open=false], Block{minecraft:barrel}[facing=east,open=true], Block{minecraft:barrel}[facing=up,open=false], Block{minecraft:barrel}[facing=down,open=true], Block{minecraft:barrel}[facing=east,open=false]], maxTickets=1, validRange=1]","1"
"minecraft:fletcher","PoiType[matchingStates=[Block{minecraft:fletching_table}], maxTickets=1, validRange=1]","1"
"minecraft:home","PoiType[matchingStates=[Block{minecraft:light_blue_bed}[facing=west,occupied=false,part=head], Block{minecraft:light_gray_bed}[facing=south,occupied=false,part=head], Block{minecraft:white_bed}[facing=south,occupied=false,part=head], Block{minecraft:lime_bed}[facing=north,occupied=false,part=head], Block{minecraft:light_blue_bed}[facing=east,occupied=true,part=head], Block{minecraft:white_bed}[facing=west,occupied=false,part=head], Block{minecraft:magenta_bed}[facing=south,occupied=false,part=head], Block{minecraft:light_gray_bed}[facing=west,occupied=true,part=head], Block{minecraft:red_bed}[facing=east,occupied=true,part=head], Block{minecraft:cyan_bed}[facing=east,occupied=true,part=head], Block{minecraft:black_bed}[facing=south,occupied=true,part=head], Block{minecraft:purple_bed}[facing=north,occupied=false,part=head], Block{minecraft:red_bed}[facing=north,occupied=false,part=head], Block{minecraft:gray_bed}[facing=south,occupied=true,part=head], Block{minecraft:black_bed}[facing=south,occupied=false,part=head], Block{minecraft:magenta_bed}[facing=east,occupied=true,part=head], Block{minecraft:brown_bed}[facing=west,occupied=true,part=head], Block{minecraft:white_bed}[facing=north,occupied=false,part=head], Block{minecraft:yellow_bed}[facing=west,occupied=false,part=head], Block{minecraft:green_bed}[facing=east,occupied=false,part=head], Block{minecraft:white_bed}[facing=north,occupied=true,part=head], Block{minecraft:purple_bed}[facing=east,occupied=true,part=head], Block{minecraft:yellow_bed}[facing=north,occupied=false,part=head], Block{minecraft:red_bed}[facing=west,occupied=true,part=head], Block{minecraft:blue_bed}[facing=south,occupied=true,part=head], Block{minecraft:orange_bed}[facing=south,occupied=true,part=head], Block{minecraft:magenta_bed}[facing=north,occupied=false,part=head], Block{minecraft:red_bed}[facing=south,occupied=false,part=head], Block{minecraft:magenta_bed}[facing=south,occupied=true,part=head], Block{minecraft:light_gray_bed}[facing=east,occupied=true,part=head], Block{minecraft:magenta_bed}[facing=north,occupied=true,part=head], Block{minecraft:purple_bed}[facing=west,occupied=false,part=head], Block{minecraft:black_bed}[facing=west,occupied=true,part=head], Block{minecraft:yellow_bed}[facing=south,occupied=false,part=head], Block{minecraft:light_gray_bed}[facing=north,occupied=true,part=head], Block{minecraft:blue_bed}[facing=north,occupied=true,part=head], Block{minecraft:cyan_bed}[facing=north,occupied=true,part=head], Block{minecraft:brown_bed}[facing=north,occupied=true,part=head], Block{minecraft:pink_bed}[facing=north,occupied=true,part=head], Block{minecraft:brown_bed}[facing=south,occupied=false,part=head], Block{minecraft:pink_bed}[facing=west,occupied=true,part=head], Block{minecraft:gray_bed}[facing=west,occupied=false,part=head], Block{minecraft:blue_bed}[facing=west,occupied=false,part=head], Block{minecraft:blue_bed}[facing=west,occupied=true,part=head], Block{minecraft:light_blue_bed}[facing=south,occupied=false,part=head], Block{minecraft:red_bed}[facing=west,occupied=false,part=head], Block{minecraft:lime_bed}[facing=south,occupied=true,part=head], Block{minecraft:green_bed}[facing=west,occupied=true,part=head], Block{minecraft:cyan_bed}[facing=west,occupied=true,part=head], Block{minecraft:cyan_bed}[facing=south,occupied=true,part=head], Block{minecraft:lime_bed}[facing=south,occupied=false,part=head], Block{minecraft:yellow_bed}[facing=east,occupied=false,part=head], Block{minecraft:green_bed}[facing=north,occupied=false,part=head], Block{minecraft:black_bed}[facing=east,occupied=false,part=head], Block{minecraft:black_bed}[facing=west,occupied=false,part=head], Block{minecraft:orange_bed}[facing=north,occupied=true,part=head], Block{minecraft:light_gray_bed}[facing=east,occupied=false,part=head], Block{minecraft:light_blue_bed}[facing=south,occupied=true,part=head], Block{minecraft:white_bed}[facing=south,occupied=true,part=head], Block{minecraft:white_bed}[facing=west,occupied=true,part=head], Block{minecraft:brown_bed}[facing=north,occupied=false,part=head], Block{minecraft:lime_bed}[facing=west,occupied=true,part=head], Block{minecraft:pink_bed}[facing=east,occupied=true,part=head], Block{minecraft:yellow_bed}[facing=south,occupied=true,part=head], Block{minecraft:light_gray_bed}[facing=west,occupied=false,part=head], Block{minecraft:lime_bed}[facing=west,occupied=false,part=head], Block{minecraft:pink_bed}[facing=north,occupied=false,part=head], Block{minecraft:blue_bed}[facing=east,occupied=false,part=head], Block{minecraft:orange_bed}[facing=east,occupied=true,part=head], Block{minecraft:red_bed}[facing=south,occupied=true,part=head], Block{minecraft:blue_bed}[facing=north,occupied=false,part=head], Block{minecraft:purple_bed}[facing=south,occupied=false,part=head], Block{minecraft:red_bed}[facing=north,occupied=true,part=head], Block{minecraft:green_bed}[facing=south,occupied=false,part=head], Block{minecraft:yellow_bed}[facing=east,occupied=true,part=head], Block{minecraft:blue_bed}[facing=south,occupied=false,part=head], Block{minecraft:magenta_bed}[facing=east,occupied=false,part=head], Block{minecraft:black_bed}[facing=north,occupied=true,part=head], Block{minecraft:blue_bed}[facing=east,occupied=true,part=head], Block{minecraft:green_bed}[facing=east,occupied=true,part=head], Block{minecraft:light_blue_bed}[facing=west,occupied=true,part=head], Block{minecraft:purple_bed}[facing=east,occupied=false,part=head], Block{minecraft:red_bed}[facing=east,occupied=false,part=head], Block{minecraft:black_bed}[facing=north,occupied=false,part=head], Block{minecraft:orange_bed}[facing=west,occupied=false,part=head], Block{minecraft:cyan_bed}[facing=east,occupied=false,part=head], Block{minecraft:green_bed}[facing=west,occupied=false,part=head], Block{minecraft:magenta_bed}[facing=west,occupied=false,part=head], Block{minecraft:gray_bed}[facing=north,occupied=false,part=head], Block{minecraft:light_blue_bed}[facing=north,occupied=false,part=head], Block{minecraft:cyan_bed}[facing=north,occupied=false,part=head], Block{minecraft:orange_bed}[facing=north,occupied=false,part=head], Block{minecraft:green_bed}[facing=north,occupied=true,part=head], Block{minecraft:light_gray_bed}[facing=north,occupied=false,part=head], Block{minecraft:magenta_bed}[facing=west,occupied=true,part=head], Block{minecraft:gray_bed}[facing=south,occupied=false,part=head], Block{minecraft:yellow_bed}[facing=west,occupied=true,part=head], Block{minecraft:orange_bed}[facing=south,occupied=false,part=head], Block{minecraft:yellow_bed}[facing=north,occupied=true,part=head], Block{minecraft:purple_bed}[facing=west,occupied=true,part=head], Block{minecraft:brown_bed}[facing=west,occupied=false,part=head], Block{minecraft:lime_bed}[facing=east,occupied=false,part=head], Block{minecraft:black_bed}[facing=east,occupied=true,part=head], Block{minecraft:orange_bed}[facing=east,occupied=false,part=head], Block{minecraft:brown_bed}[facing=east,occupied=false,part=head], Block{minecraft:orange_bed}[facing=west,occupied=true,part=head], Block{minecraft:pink_bed}[facing=south,occupied=false,part=head], Block{minecraft:light_blue_bed}[facing=north,occupied=true,part=head], Block{minecraft:lime_bed}[facing=north,occupied=true,part=head], Block{minecraft:brown_bed}[facing=east,occupied=true,part=head], Block{minecraft:light_blue_bed}[facing=east,occupied=false,part=head], Block{minecraft:brown_bed}[facing=south,occupied=true,part=head], Block{minecraft:purple_bed}[facing=south,occupied=true,part=head], Block{minecraft:gray_bed}[facing=west,occupied=true,part=head], Block{minecraft:light_gray_bed}[facing=south,occupied=true,part=head], Block{minecraft:white_bed}[facing=east,occupied=true,part=head], Block{minecraft:lime_bed}[facing=east,occupied=true,part=head], Block{minecraft:gray_bed}[facing=east,occupied=true,part=head], Block{minecraft:pink_bed}[facing=south,occupied=true,part=head], Block{minecraft:cyan_bed}[facing=south,occupied=false,part=head], Block{minecraft:purple_bed}[facing=north,occupied=true,part=head], Block{minecraft:pink_bed}[facing=east,occupied=false,part=head], Block{minecraft:pink_bed}[facing=west,occupied=false,part=head], Block{minecraft:cyan_bed}[facing=west,occupied=false,part=head], Block{minecraft:gray_bed}[facing=north,occupied=true,part=head], Block{minecraft:gray_bed}[facing=east,occupied=false,part=head], Block{minecraft:green_bed}[facing=south,occupied=true,part=head], Block{minecraft:white_bed}[facing=east,occupied=false,part=head]], maxTickets=1, validRange=1]","1"
"minecraft:leatherworker","PoiType[matchingStates=[Block{minecraft:powder_snow_cauldron}[level=2,purity=0], Block{minecraft:water_cauldron}[level=3,purity=0], Block{minecraft:powder_snow_cauldron}[level=2,purity=1], Block{minecraft:powder_snow_cauldron}[level=1,purity=4], Block{minecraft:water_cauldron}[level=1,purity=0], Block{minecraft:lava_cauldron}, Block{minecraft:powder_snow_cauldron}[level=3,purity=3], Block{minecraft:water_cauldron}[level=2,purity=2], Block{minecraft:water_cauldron}[level=2,purity=3], Block{minecraft:powder_snow_cauldron}[level=1,purity=0], Block{minecraft:powder_snow_cauldron}[level=1,purity=1], Block{minecraft:powder_snow_cauldron}[level=3,purity=0], Block{minecraft:powder_snow_cauldron}[level=3,purity=2], Block{minecraft:water_cauldron}[level=2,purity=4], Block{minecraft:water_cauldron}[level=3,purity=3], Block{minecraft:water_cauldron}[level=3,purity=4], Block{minecraft:water_cauldron}[level=1,purity=4], Block{minecraft:water_cauldron}[level=3,purity=1], Block{minecraft:water_cauldron}[level=3,purity=2], Block{minecraft:water_cauldron}[level=1,purity=2], Block{minecraft:powder_snow_cauldron}[level=2,purity=2], Block{minecraft:water_cauldron}[level=1,purity=1], Block{minecraft:water_cauldron}[level=2,purity=1], Block{minecraft:powder_snow_cauldron}[level=3,purity=4], Block{minecraft:cauldron}, Block{minecraft:water_cauldron}[level=1,purity=3], Block{minecraft:powder_snow_cauldron}[level=2,purity=4], Block{minecraft:powder_snow_cauldron}[level=3,purity=1], Block{minecraft:powder_snow_cauldron}[level=1,purity=2], Block{minecraft:powder_snow_cauldron}[level=1,purity=3], Block{minecraft:powder_snow_cauldron}[level=2,purity=3], Block{minecraft:water_cauldron}[level=2,purity=0]], maxTickets=1, validRange=1]","1"
"minecraft:librarian","PoiType[matchingStates=[Block{minecraft:lectern}[facing=east,has_book=false,powered=false], Block{minecraft:lectern}[facing=north,has_book=false,powered=false], Block{minecraft:lectern}[facing=east,has_book=true,powered=true], Block{minecraft:lectern}[facing=west,has_book=false,powered=false], Block{minecraft:lectern}[facing=south,has_book=true,powered=false], Block{minecraft:lectern}[facing=north,has_book=true,powered=false], Block{minecraft:lectern}[facing=east,has_book=true,powered=false], Block{minecraft:lectern}[facing=west,has_book=true,powered=true], Block{minecraft:lectern}[facing=south,has_book=true,powered=true], Block{minecraft:lectern}[facing=north,has_book=true,powered=true], Block{minecraft:lectern}[facing=south,has_book=false,powered=true], Block{minecraft:lectern}[facing=west,has_book=true,powered=false], Block{minecraft:lectern}[facing=south,has_book=false,powered=false], Block{minecraft:lectern}[facing=west,has_book=false,powered=true], Block{minecraft:lectern}[facing=north,has_book=false,powered=true], Block{minecraft:lectern}[facing=east,has_book=false,powered=true]], maxTickets=1, validRange=1]","1"
"minecraft:lightning_rod","PoiType[matchingStates=[Block{minecraft:lightning_rod}[facing=down,powered=false,waterlogged=true], Block{minecraft:lightning_rod}[facing=east,powered=true,waterlogged=true], Block{minecraft:lightning_rod}[facing=west,powered=false,waterlogged=true], Block{minecraft:lightning_rod}[facing=down,powered=false,waterlogged=false], Block{minecraft:lightning_rod}[facing=up,powered=false,waterlogged=true], Block{minecraft:lightning_rod}[facing=east,powered=false,waterlogged=false], Block{minecraft:lightning_rod}[facing=up,powered=true,waterlogged=false], Block{minecraft:lightning_rod}[facing=down,powered=true,waterlogged=false], Block{minecraft:lightning_rod}[facing=down,powered=true,waterlogged=true], Block{minecraft:lightning_rod}[facing=north,powered=false,waterlogged=false], Block{minecraft:lightning_rod}[facing=north,powered=false,waterlogged=true], Block{minecraft:lightning_rod}[facing=west,powered=true,waterlogged=false], Block{minecraft:lightning_rod}[facing=south,powered=false,waterlogged=false], Block{minecraft:lightning_rod}[facing=up,powered=false,waterlogged=false], Block{minecraft:lightning_rod}[facing=east,powered=false,waterlogged=true], Block{minecraft:lightning_rod}[facing=south,powered=true,waterlogged=true], Block{minecraft:lightning_rod}[facing=north,powered=true,waterlogged=false], Block{minecraft:lightning_rod}[facing=up,powered=true,waterlogged=true], Block{minecraft:lightning_rod}[facing=west,powered=true,waterlogged=true], Block{minecraft:lightning_rod}[facing=north,powered=true,waterlogged=true], Block{minecraft:lightning_rod}[facing=east,powered=true,waterlogged=false], Block{minecraft:lightning_rod}[facing=west,powered=false,waterlogged=false], Block{minecraft:lightning_rod}[facing=south,powered=false,waterlogged=true], Block{minecraft:lightning_rod}[facing=south,powered=true,waterlogged=false]], maxTickets=0, validRange=1]","1"
"minecraft:lodestone","PoiType[matchingStates=[Block{minecraft:lodestone}], maxTickets=0, validRange=1]","1"
"minecraft:mason","PoiType[matchingStates=[Block{minecraft:stonecutter}[facing=north], Block{minecraft:stonecutter}[facing=west], Block{minecraft:stonecutter}[facing=south], Block{minecraft:stonecutter}[facing=east]], maxTickets=1, validRange=1]","1"
"minecraft:meeting","PoiType[matchingStates=[Block{minecraft:bell}[attachment=floor,facing=west,powered=false], Block{minecraft:bell}[attachment=floor,facing=east,powered=false], Block{minecraft:bell}[attachment=single_wall,facing=east,powered=false], Block{minecraft:bell}[attachment=double_wall,facing=north,powered=true], Block{minecraft:bell}[attachment=single_wall,facing=north,powered=true], Block{minecraft:bell}[attachment=single_wall,facing=east,powered=true], Block{minecraft:bell}[attachment=ceiling,facing=west,powered=true], Block{minecraft:bell}[attachment=single_wall,facing=south,powered=false], Block{minecraft:bell}[attachment=floor,facing=east,powered=true], Block{minecraft:bell}[attachment=ceiling,facing=north,powered=false], Block{minecraft:bell}[attachment=floor,facing=north,powered=false], Block{minecraft:bell}[attachment=double_wall,facing=west,powered=true], Block{minecraft:bell}[attachment=double_wall,facing=south,powered=true], Block{minecraft:bell}[attachment=single_wall,facing=west,powered=true], Block{minecraft:bell}[attachment=double_wall,facing=east,powered=false], Block{minecraft:bell}[attachment=single_wall,facing=south,powered=true], Block{minecraft:bell}[attachment=double_wall,facing=north,powered=false], Block{minecraft:bell}[attachment=ceiling,facing=west,powered=false], Block{minecraft:bell}[attachment=ceiling,facing=east,powered=true], Block{minecraft:bell}[attachment=floor,facing=west,powered=true], Block{minecraft:bell}[attachment=floor,facing=south,powered=true], Block{minecraft:bell}[attachment=double_wall,facing=west,powered=false], Block{minecraft:bell}[attachment=floor,facing=south,powered=false], Block{minecraft:bell}[attachment=double_wall,facing=east,powered=true], Block{minecraft:bell}[attachment=ceiling,facing=south,powered=false], Block{minecraft:bell}[attachment=double_wall,facing=south,powered=false], Block{minecraft:bell}[attachment=ceiling,facing=south,powered=true], Block{minecraft:bell}[attachment=single_wall,facing=west,powered=false], Block{minecraft:bell}[attachment=single_wall,facing=north,powered=false], Block{minecraft:bell}[attachment=ceiling,facing=east,powered=false], Block{minecraft:bell}[attachment=ceiling,facing=north,powered=true], Block{minecraft:bell}[attachment=floor,facing=north,powered=true]], maxTickets=32, validRange=6]","6"
"minecraft:nether_portal","PoiType[matchingStates=[Block{minecraft:nether_portal}[axis=z], Block{minecraft:nether_portal}[axis=x]], maxTickets=0, validRange=1]","1"
"minecraft:shepherd","PoiType[matchingStates=[Block{minecraft:loom}[facing=east], Block{minecraft:loom}[facing=south], Block{minecraft:loom}[facing=north], Block{minecraft:loom}[facing=west]], maxTickets=1, validRange=1]","1"
"minecraft:toolsmith","PoiType[matchingStates=[Block{minecraft:smithing_table}], maxTickets=1, validRange=1]","1"
"minecraft:weaponsmith","PoiType[matchingStates=[Block{minecraft:grindstone}[face=ceiling,facing=west], Block{minecraft:grindstone}[face=wall,facing=north], Block{minecraft:grindstone}[face=ceiling,facing=north], Block{minecraft:grindstone}[face=ceiling,facing=south], Block{minecraft:grindstone}[face=floor,facing=east], Block{minecraft:grindstone}[face=floor,facing=west], Block{minecraft:grindstone}[face=wall,facing=south], Block{minecraft:grindstone}[face=ceiling,facing=east], Block{minecraft:grindstone}[face=floor,facing=south], Block{minecraft:grindstone}[face=wall,facing=west], Block{minecraft:grindstone}[face=floor,facing=north], Block{minecraft:grindstone}[face=wall,facing=east]], maxTickets=1, validRange=1]","1"
"quark:feeding_trough","PoiType[matchingStates=[Block{quark:feeding_trough}[full=true], Block{quark:feeding_trough}[full=false]], maxTickets=1, validRange=32]","32"
"spawn:ant_farm","PoiType[matchingStates=[Block{spawn:ant_farm}[facing=east,resource_level=0], Block{spawn:ant_farm}[facing=east,resource_level=1], Block{spawn:ant_farm}[facing=south,resource_level=1], Block{spawn:ant_farm}[facing=west,resource_level=1], Block{spawn:ant_farm}[facing=south,resource_level=0], Block{spawn:ant_farm}[facing=west,resource_level=3], Block{spawn:ant_farm}[facing=north,resource_level=3], Block{spawn:ant_farm}[facing=east,resource_level=3], Block{spawn:ant_farm}[facing=south,resource_level=2], Block{spawn:ant_farm}[facing=south,resource_level=3], Block{spawn:ant_farm}[facing=west,resource_level=2], Block{spawn:ant_farm}[facing=east,resource_level=2], Block{spawn:ant_farm}[facing=north,resource_level=2], Block{spawn:ant_farm}[facing=north,resource_level=1], Block{spawn:ant_farm}[facing=north,resource_level=0], Block{spawn:ant_farm}[facing=west,resource_level=0]], maxTickets=0, validRange=1]","1"
"spawn:anthill","PoiType[matchingStates=[Block{spawn:anthill}[facing=north,resource_level=0], Block{spawn:anthill}[facing=east,resource_level=2], Block{spawn:anthill}[facing=west,resource_level=0], Block{spawn:anthill}[facing=west,resource_level=3], Block{spawn:anthill}[facing=west,resource_level=1], Block{spawn:anthill}[facing=east,resource_level=3], Block{spawn:anthill}[facing=east,resource_level=0], Block{spawn:anthill}[facing=east,resource_level=1], Block{spawn:anthill}[facing=south,resource_level=3], Block{spawn:anthill}[facing=south,resource_level=2], Block{spawn:anthill}[facing=west,resource_level=2], Block{spawn:anthill}[facing=north,resource_level=2], Block{spawn:anthill}[facing=south,resource_level=1], Block{spawn:anthill}[facing=south,resource_level=0], Block{spawn:anthill}[facing=north,resource_level=1], Block{spawn:anthill}[facing=north,resource_level=3]], maxTickets=0, validRange=1]","1"
"spawn:rotten_log_anthill","PoiType[matchingStates=[Block{spawn:rotten_log_anthill}[facing=west,resource_level=2], Block{spawn:rotten_log_anthill}[facing=north,resource_level=0], Block{spawn:rotten_log_anthill}[facing=north,resource_level=1], Block{spawn:rotten_log_anthill}[facing=north,resource_level=3], Block{spawn:rotten_log_anthill}[facing=west,resource_level=0], Block{spawn:rotten_log_anthill}[facing=east,resource_level=2], Block{spawn:rotten_log_anthill}[facing=south,resource_level=3], Block{spawn:rotten_log_anthill}[facing=west,resource_level=3], Block{spawn:rotten_log_anthill}[facing=west,resource_level=1], Block{spawn:rotten_log_anthill}[facing=south,resource_level=2], Block{spawn:rotten_log_anthill}[facing=north,resource_level=2], Block{spawn:rotten_log_anthill}[facing=east,resource_level=3], Block{spawn:rotten_log_anthill}[facing=south,resource_level=1], Block{spawn:rotten_log_anthill}[facing=east,resource_level=1], Block{spawn:rotten_log_anthill}[facing=south,resource_level=0], Block{spawn:rotten_log_anthill}[facing=east,resource_level=0]], maxTickets=0, validRange=1]","1"
"vinery:winemaker_poi","PoiType[matchingStates=[Block{vinery:apple_press}[facing=north,half=lower], Block{vinery:apple_press}[facing=west,half=lower], Block{vinery:apple_press}[facing=east,half=lower], Block{vinery:apple_press}[facing=east,half=upper], Block{vinery:apple_press}[facing=south,half=upper], Block{vinery:apple_press}[facing=north,half=upper], Block{vinery:apple_press}[facing=south,half=lower], Block{vinery:apple_press}[facing=west,half=upper]], maxTickets=1, validRange=1]","1"
